url,error
https://www.tesco.com/groceries/en-GB/products/250037741,No parsed data found in the response
https://www.tesco.com/groceries/en-GB/products/278170118,No parsed data found in the response
https://www.tesco.com/groceries/en-GB/products/311226632,No parsed data found in the response
https://www.tesco.com/groceries/en-GB/products/250172735,No parsed data found in the response
https://www.tesco.com/groceries/en-GB/products/316059476,No parsed data found in the response
https://www.tesco.com/groceries/en-GB/products/297631410,No parsed data found in the response
https://www.tesco.com/groceries/en-GB/products/274080381,No parsed data found in the response
https://www.tesco.com/groceries/en-GB/products/311213440,No parsed data found in the response
https://www.tesco.com/groceries/en-GB/products/313731860,No parsed data found in the response
https://www.tesco.com/groceries/en-GB/products/303675590,No parsed data found in the response
https://www.tesco.com/groceries/en-GB/products/291301470,No parsed data found in the response
https://www.tesco.com/groceries/en-GB/products/308103914,No parsed data found in the response
https://www.tesco.com/groceries/en-GB/products/250037326,No parsed data found in the response
https://www.tesco.com/groceries/en-GB/products/313756600,No parsed data found in the response
https://www.tesco.com/groceries/en-GB/products/314408257,No parsed data found in the response
https://www.tesco.com/groceries/en-GB/products/250037522,No parsed data found in the response
https://www.tesco.com/groceries/en-GB/products/272483535,No parsed data found in the response
https://www.tesco.com/groceries/en-GB/products/313601634,No parsed data found in the response
https://www.tesco.com/groceries/en-GB/products/291570478,No parsed data found in the response
https://www.tesco.com/groceries/en-GB/products/313730106,No parsed data found in the response
https://www.tesco.com/groceries/en-GB/products/265317888,No parsed data found in the response
https://www.tesco.com/groceries/en-GB/products/314408997,No parsed data found in the response
https://www.tesco.com/groceries/en-GB/products/291570530,No parsed data found in the response
https://www.tesco.com/groceries/en-GB/products/258198491,No parsed data found in the response
https://www.tesco.com/groceries/en-GB/products/308098907,No parsed data found in the response
https://www.tesco.com/groceries/en-GB/products/299154020,No parsed data found in the response
https://www.tesco.com/groceries/en-GB/products/291301907,No parsed data found in the response
https://www.tesco.com/groceries/en-GB/products/311215904,No parsed data found in the response
https://www.tesco.com/groceries/en-GB/products/310162011,No parsed data found in the response
https://www.tesco.com/groceries/en-GB/products/250037833,No parsed data found in the response
https://www.tesco.com/groceries/en-GB/products/251041590,No parsed data found in the response
https://www.tesco.com/groceries/en-GB/products/311426879,No parsed data found in the response
https://www.tesco.com/groceries/en-GB/products/291302342,No parsed data found in the response
https://www.tesco.com/groceries/en-GB/products/305252183,No parsed data found in the response
https://www.tesco.com/groceries/en-GB/products/314430759,No parsed data found in the response
https://www.tesco.com/groceries/en-GB/products/293465208,No parsed data found in the response
https://www.tesco.com/groceries/en-GB/products/266381929,No parsed data found in the response
https://www.tesco.com/groceries/en-GB/products/313945630,No parsed data found in the response
https://www.tesco.com/groceries/en-GB/products/311449126,No parsed data found in the response
https://www.tesco.com/groceries/en-GB/products/291300776,No parsed data found in the response
https://www.tesco.com/groceries/en-GB/products/299154008,No parsed data found in the response
https://www.tesco.com/groceries/en-GB/products/303675519,No parsed data found in the response
https://www.tesco.com/groceries/en-GB/products/313855293,No parsed data found in the response
https://www.tesco.com/groceries/en-GB/products/305045139,No parsed data found in the response
https://www.tesco.com/groceries/en-GB/products/252223293,No parsed data found in the response
https://www.tesco.com/groceries/en-GB/products/260994191,No parsed data found in the response
https://www.tesco.com/groceries/en-GB/products/311675290,No parsed data found in the response
https://www.tesco.com/groceries/en-GB/products/292905094,No parsed data found in the response
https://www.tesco.com/groceries/en-GB/products/308462056,No parsed data found in the response
https://www.tesco.com/groceries/en-GB/products/252606451,No parsed data found in the response
https://www.tesco.com/groceries/en-GB/products/252076316,No parsed data found in the response
https://www.tesco.com/groceries/en-GB/products/314312387,No parsed data found in the response
https://www.tesco.com/groceries/en-GB/products/250037574,No parsed data found in the response
https://www.tesco.com/groceries/en-GB/products/255317235,No parsed data found in the response
https://www.tesco.com/groceries/en-GB/products/311202277,No parsed data found in the response
https://www.tesco.com/groceries/en-GB/products/266124878,No parsed data found in the response
https://www.tesco.com/groceries/en-GB/products/310166479,No parsed data found in the response
https://www.tesco.com/groceries/en-GB/products/295316930,No parsed data found in the response
https://www.tesco.com/groceries/en-GB/products/251287304,No parsed data found in the response
https://www.tesco.com/groceries/en-GB/products/255317016,No parsed data found in the response
https://www.tesco.com/groceries/en-GB/products/251041486,No parsed data found in the response
https://www.tesco.com/groceries/en-GB/products/311448571,No parsed data found in the response
https://www.tesco.com/groceries/en-GB/products/295581113,No parsed data found in the response
https://www.tesco.com/groceries/en-GB/products/314427355,No parsed data found in the response
https://www.tesco.com/groceries/en-GB/products/260994064,No parsed data found in the response
https://www.tesco.com/groceries/en-GB/products/302370773,No parsed data found in the response
https://www.tesco.com/groceries/en-GB/products/264643366,No parsed data found in the response
https://www.tesco.com/groceries/en-GB/products/311271519,No parsed data found in the response
https://www.tesco.com/groceries/en-GB/products/302353333,No parsed data found in the response
https://www.tesco.com/groceries/en-GB/products/314326889,No parsed data found in the response
https://www.tesco.com/groceries/en-GB/products/267670851,No parsed data found in the response
https://www.tesco.com/groceries/en-GB/products/250037401,No parsed data found in the response
https://www.tesco.com/groceries/en-GB/products/274708971,No parsed data found in the response
https://www.tesco.com/groceries/en-GB/products/266793540,No parsed data found in the response
https://www.tesco.com/groceries/en-GB/products/313735372,No parsed data found in the response
https://www.tesco.com/groceries/en-GB/products/308493249,No parsed data found in the response
https://www.tesco.com/groceries/en-GB/products/314437942,No parsed data found in the response
https://www.tesco.com/groceries/en-GB/products/267626536,No parsed data found in the response
https://www.tesco.com/groceries/en-GB/products/314435593,No parsed data found in the response
https://www.tesco.com/groceries/en-GB/products/315956907,No parsed data found in the response
https://www.tesco.com/groceries/en-GB/products/261067089,No parsed data found in the response
https://www.tesco.com/groceries/en-GB/products/311781906,No parsed data found in the response
https://www.tesco.com/groceries/en-GB/products/255317477,No parsed data found in the response
https://www.tesco.com/groceries/en-GB/products/251455895,No parsed data found in the response
https://www.tesco.com/groceries/en-GB/products/250037453,No parsed data found in the response
https://www.tesco.com/groceries/en-GB/products/315844130,No parsed data found in the response
https://www.tesco.com/groceries/en-GB/products/254806107,No parsed data found in the response
https://www.tesco.com/groceries/en-GB/products/260994146,No parsed data found in the response
https://www.tesco.com/groceries/en-GB/products/315572059,No parsed data found in the response
https://www.tesco.com/groceries/en-GB/products/275445191,No parsed data found in the response
https://www.tesco.com/groceries/en-GB/products/313738294,No parsed data found in the response
https://www.tesco.com/groceries/en-GB/products/280379198,No parsed data found in the response
https://www.tesco.com/groceries/en-GB/products/311254264,No parsed data found in the response
https://www.tesco.com/groceries/en-GB/products/302226529,No parsed data found in the response
https://www.tesco.com/groceries/en-GB/products/274080496,No parsed data found in the response
https://www.tesco.com/groceries/en-GB/products/315959858,No parsed data found in the response
https://www.tesco.com/groceries/en-GB/products/261064697,No parsed data found in the response
https://www.tesco.com/groceries/en-GB/products/274709054,No parsed data found in the response
https://www.tesco.com/groceries/en-GB/products/313609862,No parsed data found in the response
https://www.tesco.com/groceries/en-GB/products/295035899,No parsed data found in the response
https://www.tesco.com/groceries/en-GB/products/302226542,No parsed data found in the response
https://www.tesco.com/groceries/en-GB/products/314430068,No parsed data found in the response
https://www.tesco.com/groceries/en-GB/products/311425068,No parsed data found in the response
https://www.tesco.com/groceries/en-GB/products/311272340,No parsed data found in the response
https://www.tesco.com/groceries/en-GB/products/250746322,No parsed data found in the response
https://www.tesco.com/groceries/en-GB/products/313503635,No parsed data found in the response
https://www.tesco.com/groceries/en-GB/products/256386260,No parsed data found in the response
https://www.tesco.com/groceries/en-GB/products/297631651,No parsed data found in the response
https://www.tesco.com/groceries/en-GB/products/251109321,No parsed data found in the response
https://www.tesco.com/groceries/en-GB/products/315579046,No parsed data found in the response
https://www.tesco.com/groceries/en-GB/products/266379386,No parsed data found in the response
https://www.tesco.com/groceries/en-GB/products/252467983,No parsed data found in the response
https://www.tesco.com/groceries/en-GB/products/291300851,No parsed data found in the response
https://www.tesco.com/groceries/en-GB/products/252724838,No parsed data found in the response
https://www.tesco.com/groceries/en-GB/products/315843816,No parsed data found in the response
https://www.tesco.com/groceries/en-GB/products/295025250,No parsed data found in the response
https://www.tesco.com/groceries/en-GB/products/314118001,No parsed data found in the response
https://www.tesco.com/groceries/en-GB/products/255315433,No parsed data found in the response
https://www.tesco.com/groceries/en-GB/products/266792950,No parsed data found in the response
https://www.tesco.com/groceries/en-GB/products/303675555,No parsed data found in the response
https://www.tesco.com/groceries/en-GB/products/261072203,No parsed data found in the response
https://www.tesco.com/groceries/en-GB/products/251907488,No parsed data found in the response
https://www.tesco.com/groceries/en-GB/products/261067106,No parsed data found in the response
https://www.tesco.com/groceries/en-GB/products/311687212,No parsed data found in the response
https://www.tesco.com/groceries/en-GB/products/309473387,No parsed data found in the response
https://www.tesco.com/groceries/en-GB/products/311253081,No parsed data found in the response
https://www.tesco.com/groceries/en-GB/products/265317976,No parsed data found in the response
https://www.tesco.com/groceries/en-GB/products/315460998,No parsed data found in the response
https://www.tesco.com/groceries/en-GB/products/311442911,No parsed data found in the response
https://www.tesco.com/groceries/en-GB/products/303675532,No parsed data found in the response
https://www.tesco.com/groceries/en-GB/products/260993658,No parsed data found in the response
https://www.tesco.com/groceries/en-GB/products/259880355,No parsed data found in the response
https://www.tesco.com/groceries/en-GB/products/311274067,No parsed data found in the response
https://www.tesco.com/groceries/en-GB/products/250756195,No parsed data found in the response
https://www.tesco.com/groceries/en-GB/products/252223333,No parsed data found in the response
https://www.tesco.com/groceries/en-GB/products/250037643,No parsed data found in the response
https://www.tesco.com/groceries/en-GB/products/316176423,No parsed data found in the response
https://www.tesco.com/groceries/en-GB/products/252197651,No parsed data found in the response
https://www.tesco.com/groceries/en-GB/products/251040395,No parsed data found in the response
https://www.tesco.com/groceries/en-GB/products/314432354,No parsed data found in the response
https://www.tesco.com/groceries/en-GB/products/311215138,No parsed data found in the response
https://www.tesco.com/groceries/en-GB/products/303718575,No parsed data found in the response
https://www.tesco.com/groceries/en-GB/products/295035818,No parsed data found in the response
https://www.tesco.com/groceries/en-GB/products/291570432,No parsed data found in the response
https://www.tesco.com/groceries/en-GB/products/309495234,No parsed data found in the response
https://www.tesco.com/groceries/en-GB/products/251551026,No parsed data found in the response
https://www.tesco.com/groceries/en-GB/products/284744232,No parsed data found in the response
https://www.tesco.com/groceries/en-GB/products/311280177,No parsed data found in the response
https://www.tesco.com/groceries/en-GB/products/311210973,No parsed data found in the response
https://www.tesco.com/groceries/en-GB/products/313605820,No parsed data found in the response
